{"cameraMode":{"drawMode":0,"name":"Shaded","section":"Shading Mode"},"sceneLighting":false,"audioPlay":false,"sceneViewState":{"m_AlwaysRefresh":false,"showFog":false,"showSkybox":false,"showFlares":false,"showImageEffects":false,"showParticleSystems":false,"showVisualEffectGraphs":true,"m_FxEnabled":true},"in2DMode":false,"pivot":{"x":0.030656814575195314,"y":28.980518341064454,"z":-0.3370065689086914},"rotation":{"x":-0.002829716308042407,"y":0.9895663261413574,"z":-0.0196059700101614,"w":-0.14294415712356568},"size":33.63719940185547,"orthographic":false}