{"cameraMode":{"drawMode":0,"name":"Shaded","section":"Shading Mode"},"sceneLighting":true,"audioPlay":false,"sceneViewState":{"m_AlwaysRefresh":false,"showFog":true,"showSkybox":true,"showFlares":true,"showImageEffects":true,"showParticleSystems":true,"showVisualEffectGraphs":true,"m_FxEnabled":true},"in2DMode":false,"pivot":{"x":-316.3191833496094,"y":52.702545166015628,"z":651.6604614257813},"rotation":{"x":-0.004343548323959112,"y":-0.8844534754753113,"z":0.00823434628546238,"w":-0.46653664112091067},"size":0.08733157813549042,"orthographic":false}