{"cameraMode":{"drawMode":0,"name":"Shaded","section":"Shading Mode"},"sceneLighting":true,"audioPlay":false,"sceneViewState":{"m_AlwaysRefresh":false,"showFog":true,"showSkybox":true,"showFlares":true,"showImageEffects":true,"showParticleSystems":true,"showVisualEffectGraphs":true,"m_FxEnabled":true},"in2DMode":false,"pivot":{"x":35.57042694091797,"y":5.241467475891113,"z":14.482601165771485},"rotation":{"x":0.018934762105345727,"y":-0.5211966633796692,"z":-0.011567456647753716,"w":-0.8531478643417358},"size":0.6491549015045166,"orthographic":false}