{"cameraMode":{"drawMode":0,"name":"Shaded","section":"Shading Mode"},"sceneLighting":false,"audioPlay":false,"sceneViewState":{"m_AlwaysRefresh":false,"showFog":true,"showSkybox":false,"showFlares":true,"showImageEffects":true,"showParticleSystems":true,"showVisualEffectGraphs":true,"m_FxEnabled":true},"in2DMode":false,"pivot":{"x":-24.29538345336914,"y":-1.2960000038146973,"z":-0.8074826002120972},"rotation":{"x":-0.06448877602815628,"y":0.09871550649404526,"z":-0.006080465391278267,"w":-0.9931511282920837},"size":0.006168309133499861,"orthographic":false}