{"cameraMode":{"drawMode":0,"name":"Shaded","section":"Shading Mode"},"sceneLighting":true,"audioPlay":false,"sceneViewState":{"m_AlwaysRefresh":false,"showFog":true,"showSkybox":true,"showFlares":true,"showImageEffects":true,"showParticleSystems":true,"showVisualEffectGraphs":true,"m_FxEnabled":true},"in2DMode":false,"pivot":{"x":-857.7409057617188,"y":495.6824035644531,"z":1701.7762451171875},"rotation":{"x":0.002596810460090637,"y":0.995864987373352,"z":-0.08566508442163468,"w":0.030184775590896608},"size":10.01441764831543,"orthographic":false}